{
  "$schema": "https://turbo.build/schema.json",
  "globalEnv": [
    "NEXT_PUBLIC_API_BASE_URL",
    "NEXT_PUBLIC_DEPLOY_URL",
    "API_BASE_URL",
    "NEXT_PUBLIC_SENTRY_DSN",
    "SENTRY_AUTH_TOKEN",
    "NEXT_PUBLIC_SENTRY_ENVIRONMENT",
    "NEXT_PUBLIC_GITHUB_APP_NAME",
    "NEXT_PUBLIC_ENABLE_SENTRY",
    "NEXT_PUBLIC_ENABLE_OAUTH",
    "NEXT_PUBLIC_TRACK_EVENTS",
    "NEXT_PUBLIC_PLAUSIBLE_DOMAIN",
    "NEXT_PUBLIC_CRISP_ID",
    "NEXT_PUBLIC_ENABLE_SESSION_RECORDER",
    "NEXT_PUBLIC_SESSION_RECORDER_KEY",
    "NEXT_PUBLIC_EXTRA_IMAGE_DOMAINS",
    "NEXT_PUBLIC_DEPLOY_WITH_NGINX",
    "NEXT_PUBLIC_POSTHOG_KEY",
    "NEXT_PUBLIC_POSTHOG_HOST",
    "SLACK_OAUTH_URL",
    "SLACK_CLIENT_ID",
    "SLACK_CLIENT_SECRET",
    "JITSU_TRACKER_ACCESS_KEY",
    "JITSU_TRACKER_HOST",
    "UNSPLASH_ACCESS_KEY"
  ],
  "pipeline": {
    "build": {
      "dependsOn": ["^build"],
      "outputs": [".next/**", "dist/**"]
    },
    "test": {
      "dependsOn": ["^build"],
      "outputs": []
    },
    "lint": {
      "outputs": []
    },
    "dev": {
      "cache": false
    },
    "start": {
      "cache": false
    },
    "clean": {
      "cache": false
    }
  }
}
